x_meters,y_meters,altitude_meters
-5.734064860995316,4.670186919147001,2.9
-6.524970359146764,5.114966626069251,2.9
-6.524970359146764,5.114966626069251,2.9
-66.76560579495647,5.893331112122202,2.9
-10.01813630900995,7.2276702314743035,2.9
-10.01813630900995,7.2276702314743035,2.9
-10.01813630900995,7.2276702314743035,2.9
-14.23629896515385,9.785153545216252,2.9
-14.23629896515385,9.785153545216252,3.4
-14.23629896515385,9.785153545216252,3.4
-16.74083304240634,11.00829773748413,3.9
-16.74083304240634,11.00829773748413,3.9
-20.56354294973655,12.67622163738158,4.8
-20.56354294973655,12.67622163738158,4.8
-20.56354294973655,12.67622163738158,4.8
-24.51807044007453,14.45534046365593,6.5
-24.51807044007453,14.45534046365593,6.5
-27.41805726635034,15.678484656631131,7.5
-27.41805726635034,15.678484656631131,7.5
-27.41805726635034,15.678484656631131,7.5
-27.41805726635034,15.678484656631131,7.5
-31.636219922703862,17.791188262743507,9.1
-31.636219922703862,17.791188262743507,9.1
-34.3384803744156,19.459112162640956,10.5
-34.3384803744156,19.459112162640956,10.5
-34.3384803744156,19.459112162640956,10.5
-39.87481886074204,22.906154888105434,13.6
-39.87481886074204,22.906154888105434,13.6
-42.774805687017846,25.018858494925134,14.9
-42.774805687017846,25.018858494925134,14.9
-42.774805687017846,25.018858494925134,14.9
-45.74070130484994,26.686782394822583,16.3
-48.7725057140287,28.79948600093496,16.3
-48.7725057140287,28.79948600093496,16.3
-51.804310123312284,30.57860482720931,19.6
-51.804310123312284,30.57860482720931,19.6
-54.967932115498826,32.69130843402901,21.4
-54.967932115498826,32.69130843402901,21.4
-54.967932115498826,32.69130843402901,21.4
-54.967932115498826,32.69130843402901,21.4
-59.91109147834269,35.24879174635631,24.1
-59.91109147834269,35.24879174635631,24.1
-59.91109147834269,35.24879174635631,24.1
-59.91109147834269,35.24879174635631,24.1
-68.74286954017788,39.47419895858106,28.7
-68.74286954017788,39.47419895858106,28.7
-72.43376186450031,41.142122858478515,30.5
-72.43376186450031,41.142122858478515,30.5
-72.43376186450031,41.142122858478515,30.5
-78.16782672539081,43.25482646459089,33.1
-78.16782672539081,43.25482646459089,33.1
-82.12235421562399,44.58916558465032,34.7
-82.12235421562399,44.58916558465032,34.7
-82.12235421562399,44.58916558465032,34.7
-82.12235421562399,44.58916558465032,34.7
-82.12235421562399,44.58916558465032,34.7
-82.12235421562399,44.58916558465032,34.7
-82.12235421562399,44.58916558465032,34.7
-82.12235421562399,44.58916558465032,34.7
-96.75410592990596,48.36979309066014,40.0
-98.9290960495866,48.36979309066014,40.0
-98.9290960495866,48.36979309066014,40.0
-98.9290960495866,48.36979309066014,40.0
-107.56314773675292,50.03771698985027,44.2
-107.56314773675292,50.03771698985027,44.2
-111.58358401864719,51.705640889040396,45.7
-111.58358401864719,51.705640889040396,45.7
-115.66992909188814,53.03998000980714,47.2
-115.66992909188814,53.03998000980714,47.2
-119.82218295668538,54.70790390899727,48.7
-119.82218295668538,54.70790390899727,48.7
-123.90852803013594,56.375827808187395,50.3
-123.90852803013594,56.375827808187395,50.3
-127.86305552047392,58.488531415007095,51.6
-127.86305552047392,58.488531415007095,51.6
-131.8834918022634,60.712429947496375,52.7
-133.92666433893626,61.490794434963966,53.2
-137.94710062072573,64.04827774729127,53.2
-137.94710062072573,64.04827774729127,54.5
-137.94710062072573,64.04827774729127,54.5
-141.9016281110637,66.6057610603259,55.7
-141.9016281110637,66.6057610603259,55.7
-141.9016281110637,66.6057610603259,55.7
-149.48113913416782,72.4990921724481,55.7
-149.48113913416782,72.4990921724481,55.7
-153.17203145849027,75.50135519169766,59.0
-153.17203145849027,75.50135519169766,59.0
-156.8629237827079,78.94839791786946,60.0
-156.8629237827079,78.94839791786946,60.0
-156.8629237827079,78.94839791786946,60.0
-160.48790731547405,82.28424571695703,61.1
-160.48790731547405,82.28424571695703,61.1
-160.48790731547405,82.28424571695703,61.1
-165.76061063599457,87.84399204924121,62.7
-167.54014800654707,89.95669565535358,63.3
-167.54014800654707,89.95669565535358,63.3
-167.54014800654707,89.95669565535358,63.3
-167.54014800654707,89.95669565535358,63.3
-167.54014800654707,89.95669565535358,63.3
-167.54014800654707,89.95669565535358,63.3
-167.54014800654707,89.95669565535358,63.3
-180.72190630774355,102.18813758652023,67.4
-180.72190630774355,102.18813758652023,67.4
-180.72190630774355,102.18813758652023,67.4
-188.96050524578175,108.97102811107229,67.4
-188.96050524578175,108.97102811107229,67.4
-188.96050524578175,108.97102811107229,67.4
-195.94683714540332,112.41807083724409,72.0
-195.94683714540332,112.41807083724409,72.0
-201.02181409125495,113.64121503021929,73.4
-201.02181409125495,113.64121503021929,73.4
-206.29451741167065,114.53077444335646,75.0
-206.29451741167065,114.53077444335646,75.0
-206.29451741167065,114.53077444335646,75.0
-214.3353899754592,114.97555415098604,77.1
-214.3353899754592,114.97555415098604,77.1
-214.3353899754592,114.97555415098604,77.1
-222.5739889134974,114.08599473714153,79.0
-222.5739889134974,114.08599473714153,79.0
-222.5739889134974,114.08599473714153,79.0
-230.61486147728593,111.52851142481424,81.1
-230.61486147728593,111.52851142481424,81.1
-235.75574721469388,108.63744333123427,82.3
-235.75574721469388,108.63744333123427,82.3
-240.4352714114174,104.74562089884753,83.4
-240.4352714114174,104.74562089884753,83.4
-240.4352714114174,104.74562089884753,83.4
-247.0920593535719,98.4075100805104,84.8
-247.0920593535719,98.4075100805104,84.8
-247.0920593535719,98.4075100805104,84.8
-251.24431321836917,93.7373231613634,85.6
-251.24431321836917,93.7373231613634,85.6
-251.24431321836917,93.7373231613634,85.6
-258.03291874342665,83.17380513009421,86.8
-258.03291874342665,83.17380513009421,86.8
-258.03291874342665,83.17380513009421,86.8
-258.03291874342665,83.17380513009421,86.8
-258.03291874342665,83.17380513009421,86.8
-258.03291874342665,83.17380513009421,86.8
-259.9442736970918,66.16098135340364,87.9
-259.9442736970918,66.16098135340364,87.9
-257.96700995187035,56.04224302834937,88.2
-257.96700995187035,56.04224302834937,88.2
-257.96700995187035,56.04224302834937,88.2
-253.68293850406536,46.25708948384044,87.8
-253.68293850406536,46.25708948384044,87.8
-253.68293850406536,46.25708948384044,87.8
-253.68293850406536,46.25708948384044,87.8
-253.68293850406536,46.25708948384044,87.8
-238.72164283231635,30.912189607047335,85.7
-238.72164283231635,30.912189607047335,85.7
-238.72164283231635,30.912189607047335,85.7
-238.72164283231635,30.912189607047335,85.7
-238.72164283231635,30.912189607047335,85.7
-226.00124607180427,25.46363820184738,83.0
-226.00124607180427,25.46363820184738,83.0
-226.00124607180427,25.46363820184738,83.0
-226.00124607180427,25.46363820184738,83.0
-212.4899438132456,21.683010695837556,79.5
-212.4899438132456,21.683010695837556,79.5
-205.76724707974438,20.348671575778134,77.6
-205.76724707974438,20.348671575778134,77.6
-205.76724707974438,20.348671575778134,77.6
-192.1241272381779,18.23596797037308,77.6
-192.1241272381779,18.23596797037308,77.6
-192.1241272381779,18.23596797037308,77.6
-192.1241272381779,18.23596797037308,77.6
-192.1241272381779,18.23596797037308,77.6
-178.5469161880629,17.34640855652858,68.3
-171.56058428844136,17.012823776690556,68.3
-171.56058428844136,17.012823776690556,68.3
-171.56058428844136,17.012823776690556,68.3
-171.56058428844136,17.012823776690556,68.3
-171.56058428844136,17.012823776690556,68.3
-157.3242853232875,17.012823776690556,62.4
-153.6993017905214,17.34640855652858,62.4
-153.6993017905214,17.34640855652858,62.4
-153.6993017905214,17.34640855652858,62.4
-153.6993017905214,17.34640855652858,62.4
-153.6993017905214,17.34640855652858,62.4
-153.6993017905214,17.34640855652858,62.4
-131.94940059371487,18.23596797037308,57.9
-128.3903258524002,18.23596797037308,57.3
-128.3903258524002,18.23596797037308,57.3
-128.3903258524002,18.23596797037308,57.3
-128.3903258524002,18.23596797037308,57.3
-128.3903258524002,18.23596797037308,57.3
-128.3903258524002,18.23596797037308,57.3
-128.3903258524002,18.23596797037308,57.3
-106.77224223870628,19.459112162640956,53.4
-99.58818396462547,19.903891869563207,53.4
-99.58818396462547,19.903891869563207,53.4
-99.58818396462547,19.903891869563207,53.4
-99.58818396462547,19.903891869563207,53.4
-99.58818396462547,19.903891869563207,53.4
-99.58818396462547,19.903891869563207,53.4
-81.46326630068994,21.23823098891531,50.2
-77.83828276781898,21.23823098891531,50.2
-77.83828276781898,21.23823098891531,50.2
-77.83828276781898,21.23823098891531,50.2
-77.83828276781898,21.23823098891531,50.2
-77.83828276781898,21.23823098891531,50.2
-77.83828276781898,21.23823098891531,50.2
-77.83828276781898,21.23823098891531,50.2
-52.59521562135892,22.906154888105434,49.5
-52.59521562135892,22.906154888105434,49.5
-45.47706613872958,23.350934595735005,49.8
-45.47706613872958,23.350934595735005,49.8
-38.42482544765655,23.795714301949932,49.8
-38.42482544765655,23.795714301949932,49.8
-38.42482544765655,23.795714301949932,49.8
-38.42482544765655,23.795714301949932,49.8
-38.42482544765655,23.795714301949932,49.8
-38.42482544765655,23.795714301949932,49.8
-38.42482544765655,23.795714301949932,49.8
-4.81134177994091,27.13156210103751,54.9
-4.81134177994091,27.13156210103751,54.9
-1.5818109963028943,27.576341807252437,55.8
-1.5818109963028943,27.576341807252437,55.8
-1.5818109963028943,27.576341807252437,55.8
10.677224223839186,28.79948600093496,59.7
10.677224223839186,28.79948600093496,59.7
16.54310666773746,29.689045414072133,61.9
16.54310666773746,29.689045414072133,61.9
22.27717152873278,30.133825120994384,64.3
22.27717152873278,30.133825120994384,64.3
22.27717152873278,30.133825120994384,64.3
27.813510015059215,30.57860482720931,67.0
27.813510015059215,30.57860482720931,67.0
27.813510015059215,30.57860482720931,67.0
38.22709907298766,31.356969313262262,72.5
38.22709907298766,31.356969313262262,72.5
43.49980239350818,31.80174902018451,75.1
43.49980239350818,31.80174902018451,75.1
48.64068813081131,31.80174902018451,77.7
48.64068813081131,31.80174902018451,77.7
48.64068813081131,31.80174902018451,77.7
48.64068813081131,31.80174902018451,77.7
56.15429036235914,31.80174902018451,81.5
56.15429036235914,31.80174902018451,81.5
56.15429036235914,31.80174902018451,81.5
56.15429036235914,31.80174902018451,81.5
56.15429036235914,31.80174902018451,81.5
73.15875857078102,30.912189607047335,90.3
73.15875857078102,30.912189607047335,90.3
73.15875857078102,30.912189607047335,90.3
73.15875857078102,30.912189607047335,90.3
80.21099926185406,30.57860482720931,93.8
80.21099926185406,30.57860482720931,93.8
80.21099926185406,30.57860482720931,93.8
87.19733116147562,29.689045414072133,97.2
87.19733116147562,29.689045414072133,97.2
87.19733116147562,29.689045414072133,97.2
87.19733116147562,29.689045414072133,97.2
87.19733116147562,29.689045414072133,97.2
87.19733116147562,29.689045414072133,97.2
87.19733116147562,29.689045414072133,97.2
103.54271145475383,27.576341807252437,104.4
